timestamp,Elance,lista
1351130400,500,25;25;60;70;70;75;500;500;500;500;500;500;500;500;500;500;500;500;500;500;500;500;500;500;500;500;500;500;1000;1000;1000;1000;1000;1000;5000;5000;5000;5000
1351216800,500,20;20;25;25;30;30;50;60;60;60;75;100;100;100;100;150;300;300;500;500;500;500;500;500;500;500;500;500;500;500;500;500;500;500;500;500;500;500;500;500;500;500;500;500;500;500;500;500;500;500;500;500;500;500;500;500;500;500;500;500;500;500;500;500;500;500;500;500;500;500;500;500;500;500;500;500;500;500;500;500;500;500;500;500;500;500;500;500;1000;1000;1000;1000;1000;1000;1000;1000;1000;1000;1000;1000;1000;1000;1000;1000;1000;1000;1000;5000;5000;5000;5000;5000;5000;5000;10000;10000;10000;30000
1351303200,500,20;20;20;20;25;50;70;75;100;100;100;100;100;100;150;150;300;300;400;500;500;500;500;500;500;500;500;500;500;500;500;500;500;500;500;500;500;500;500;500;500;500;500;500;500;500;500;500;500;500;500;500;500;500;500;500;500;500;500;500;500;500;500;500;500;500;500;500;500;500;500;500;500;500;500;500;500;500;500;500;500;500;500;500;500;500;500;500;500;500;500;500;500;500;500;500;500;500;550;550;795;1000;1000;1000;1000;1000;1000;1000;1000;1000;1000;1000;1000;1000;1000;1000;1000;1000;1000;1000;5000;5000;5000;5000;5000;5000;5000;5000;5000;5000;5000;5000;5000;10000;10000;10000;30000
1351389600,500,20;20;20;20;20;21;25;25;30;40;50;60;100;300;500;500;500;500;500;500;500;500;500;500;500;500;500;500;500;500;500;500;500;500;500;500;500;500;500;500;500;500;500;500;500;500;500;500;500;500;500;500;500;500;500;500;500;500;500;500;500;500;500;500;500;500;500;500;500;500;550;1000;1000;1000;1000;1000;1000;1000;1000;1000;1000;1000;1000;1000;1000;1000;5000;5000;5000;5000;5000;5000;5000;8000;10000;10000;10000
1351476000,500,20;20;20;25;60;60;100;100;120;150;300;500;500;500;500;500;500;500;500;500;500;500;500;500;500;500;500;500;500;500;500;500;500;500;500;500;500;500;500;500;500;500;500;500;500;500;500;500;500;500;500;500;500;500;500;500;500;500;500;500;500;500;500;500;500;500;500;1000;1000;1000;1000;1000;1000;1000;1000;1000;1000;1000;1000;1000;5000;5000;5000;5000;10000;10000;10000;10000;10000
1351562400,500,20;30;30;30;50;50;50;50;50;60;60;70;75;80;80;120;150;167;200;500;500;500;500;500;500;500;500;500;500;500;500;500;500;500;500;500;500;500;500;500;500;500;500;500;500;500;500;500;500;500;500;500;500;500;500;500;500;500;500;500;500;500;500;500;500;500;500;500;500;500;500;500;500;500;500;500;500;500;500;500;500;500;500;500;500;500;500;500;500;500;500;500;500;500;500;500;500;500;500;1000;1000;1000;1000;1000;1000;1000;1000;1000;1000;1000;1000;5000;5000;5000;5000;5000;5000;5000;5000;5000;5000;5000;5000;5000;10000;10000;10000;10000;10000;10000;10000
1351648800,500,20;25;30;30;30;40;40;50;60;75;75;130;160;250;300;500;500;500;500;500;500;500;500;500;500;500;500;500;500;500;500;500;500;500;500;500;500;500;500;500;500;500;500;500;500;500;500;500;500;500;500;500;500;500;500;500;500;500;500;500;500;500;500;500;500;500;500;500;500;500;500;500;500;500;500;500;500;500;500;500;500;500;500;500;500;500;500;500;500;500;500;500;500;500;500;500;500;500;500;600;650;720;1000;1000;1000;1000;1000;1000;1000;1000;1000;1000;1000;1000;1000;1000;5000;5000;5000;5000;5000;5000;5000;5000;5000;5000;5000;5000;5000;5000;5000;10000;10000;10000;10000;10000;50000
1351735200,500,20;30;40;50;50;60;75;100;100;100;130;250;300;350;500;500;500;500;500;500;500;500;500;500;500;500;500;500;500;500;500;500;500;500;500;500;500;500;500;500;500;500;500;500;500;500;500;500;500;500;500;500;500;500;500;500;500;500;500;500;500;500;500;500;500;500;500;500;500;500;500;500;500;500;500;500;500;500;500;500;500;500;500;500;500;500;500;500;500;500;500;500;500;500;500;500;500;500;500;500;500;700;1000;1000;1000;1000;1000;1000;1000;1000;1000;1000;1000;1000;1000;1000;1000;2500;5000;5000;5000;5000;5000;5000;10000;10000;10000;10000
1351821600,500,40;40;40;50;100;100;120;150;150;150;150;200;400;400;500;500;500;500;500;500;500;500;500;500;500;500;500;500;500;500;500;500;500;500;500;500;500;500;500;500;500;500;500;500;500;500;500;500;500;500;500;500;500;500;500;500;500;500;500;500;500;500;500;500;500;500;500;500;500;500;500;500;500;500;500;500;500;500;500;500;500;500;500;500;500;500;500;500;500;500;1000;1000;1000;1000;1000;1000;1000;1000;1000;1000;1000;1000;1000;1000;1000;1500;5000;5000;5000;5000;5000;5000;5000;5000;10000;10000;10000
1351908000,500,25;32;40;50;50;100;100;100;100;100;150;200;200;300;495;500;500;500;500;500;500;500;500;500;500;500;500;500;500;500;500;500;500;500;500;500;500;500;500;500;500;500;500;500;500;500;500;500;500;500;500;500;500;500;500;500;500;500;500;500;500;500;500;500;500;500;500;500;500;500;500;500;500;500;500;500;500;500;500;500;500;500;500;500;500;500;500;500;500;500;500;500;500;500;500;500;500;500;500;500;500;500;1000;1000;1000;1000;1000;1000;1000;1000;1000;1000;1000;1000;1000;1000;1000;1000;1000;1500;2000;5000;5000;5000;5000;5000;5000;10000;10000
1351994400,500,20;25;32;50;50;80;100;100;100;120;130;200;200;200;250;500;500;500;500;500;500;500;500;500;500;500;500;500;500;500;500;500;500;500;500;500;500;500;500;500;500;500;500;500;500;500;500;500;500;500;500;500;500;500;500;500;500;500;500;500;500;500;500;500;500;500;500;500;500;500;500;500;500;500;500;500;500;500;1000;1000;1000;1000;1000;1000;1000;1000;1000;1000;1500;2000;5000;5000;5000;5000;10000
1352080800,500,20;20;20;35;50;80;100;100;100;100;100;120;130;200;250;500;500;500;500;500;500;500;500;500;500;500;500;500;500;500;500;500;500;500;500;500;500;500;500;500;500;500;500;500;500;500;500;500;500;500;500;500;500;500;500;500;500;500;500;500;500;500;500;500;1000;1000;1000;1000;1000;1000;1000;1000;1000;1000;1000;1000;1000;1000;5000;5000;5000;5000;5000;5000
1352167200,500,20;20;20;25;30;35;40;50;50;75;100;143;150;200;300;500;500;500;500;500;500;500;500;500;500;500;500;500;500;500;500;500;500;500;500;500;500;500;500;500;500;500;500;500;500;500;500;500;500;500;500;500;500;500;500;500;500;500;500;500;500;500;500;500;500;500;500;500;500;500;500;500;500;500;500;500;500;500;500;500;500;500;500;500;500;500;500;750;800;1000;1000;1000;1000;1000;1000;1000;1000;1000;1000;1000;1000;1000;1000;1000;1000;1500;5000;5000;5000;5000;5000;5000;5000;5000;5000;10000
1352253600,500,20;20;25;30;40;50;50;50;50;50;50;75;100;100;150;200;400;400;400;500;500;500;500;500;500;500;500;500;500;500;500;500;500;500;500;500;500;500;500;500;500;500;500;500;500;500;500;500;500;500;500;500;500;500;500;500;500;500;500;500;500;500;500;500;500;500;500;500;500;500;500;500;500;500;500;500;500;500;500;500;500;500;500;500;500;500;500;500;500;500;500;500;500;500;500;500;500;500;500;500;500;500;500;500;500;500;500;500;500;500;500;500;500;500;500;500;500;500;500;500;500;500;500;500;500;500;500;500;500;500;500;500;500;500;500;500;500;500;500;500;500;500;500;750;1000;1000;1000;1000;1000;1000;1000;1000;1000;5000;5000;5000;5000;5000;5000;10000;10000;10000;10000;10000
1352340000,500,20;20;25;30;40;40;40;50;50;50;75;75;100;150;150;500;500;500;500;500;500;500;500;500;500;500;500;500;500;500;500;500;500;500;500;500;500;500;500;500;500;500;500;500;500;500;500;500;500;500;500;500;500;500;500;500;500;500;500;500;500;500;500;500;500;500;500;500;500;500;500;500;500;500;500;500;500;500;500;500;500;500;500;500;500;500;500;500;500;500;500;500;500;500;500;500;500;500;500;500;500;500;500;500;500;500;500;500;500;750;750;1000;1000;1000;1000;1000;1000;1000;1000;1000;1000;1000;1000;1000;1000;1000;1000;2500;5000;5000;5000;5000;5000;5000;5000;5000;5000;5000;5000;5000;10000;10000;10000;10000
1352426400,500,30;50;100;100;150;200;220;300;300;500;500;500;500;500;500;500;500;500;500;500;500;500;500;500;500;500;500;500;500;500;500;500;500;500;500;500;500;500;500;500;500;500;500;500;500;500;500;500;500;500;500;500;500;500;500;500;500;500;500;500;500;500;500;500;500;500;500;500;500;500;500;500;500;500;500;500;500;500;500;500;500;500;500;500;500;500;500;500;500;500;500;500;500;500;500;500;500;500;500;500;500;500;500;500;500;500;500;500;500;600;1000;1000;1000;1000;1000;1000;1000;1000;1000;1000;1000;5000;5000;5000;5000;5000;400000
1352512800,500,20;30;50;50;50;50;50;60;100;100;100;100;125;150;200;200;250;300;500;500;500;500;500;500;500;500;500;500;500;500;500;500;500;500;500;500;500;500;500;500;500;500;500;500;500;500;500;500;500;500;500;500;500;500;500;500;500;500;500;500;500;500;500;500;500;500;500;500;500;500;500;500;500;500;500;500;500;500;500;500;500;500;500;500;500;500;500;500;500;600;1000;1000;1000;1000;1000;1000;1000;1000;1000;1000;1000;1000;1000;5000;5000;5000;5000;5000;5000;5000;5000;5000;5000;5000;10000
1352599200,500,30;30;35;50;50;50;50;70;70;80;80;90;100;150;200;500;500;500;500;500;500;500;500;500;500;500;500;500;500;500;500;500;500;500;500;500;500;500;500;500;500;500;500;500;500;500;500;500;500;500;500;500;500;500;500;500;500;500;500;500;500;1000;1000;1000;1000;2000;5000;5000;5000;5000;5000;5000;5000;5000;5000;5000;10000;10000;10000
1352685600,500,20;35;40;50;50;50;50;80;100;100;100;100;150;200;400;500;500;500;500;500;500;500;500;500;500;500;500;500;500;500;500;500;500;500;500;500;500;500;500;500;500;500;500;500;500;500;500;500;500;500;500;500;500;500;500;500;500;500;500;500;500;500;500;500;500;500;500;500;500;500;500;500;500;500;500;1000;1000;1000;1000;1000;1000;1000;1000;1000;1000;1000;1000;5000;5000;5000;10000;10000;10000;10000;10000;10000;10000;10000;10000
1352772000,500,20;25;40;50;50;50;50;75;99;100;100;350;500;500;500;500;500;500;500;500;500;500;500;500;500;500;500;500;500;500;500;500;500;500;500;500;500;500;500;500;500;500;500;500;500;500;500;500;500;500;500;500;500;500;500;500;500;500;500;500;500;500;500;500;500;500;500;500;500;500;500;500;500;500;500;500;700;700;1000;1000;1000;1000;1000;1000;1000;1000;1000;1000;1000;1000;1000;1000;1000;1000;1000;1000;1000;1000;1000;1000;1000;1000;1000;1000;2000;5000;5000;5000;5000;10000
1352858400,500,25;30;30;30;40;40;50;60;70;70;75;100;100;100;120;120;120;120;200;375;500;500;500;500;500;500;500;500;500;500;500;500;500;500;500;500;500;500;500;500;500;500;500;500;500;500;500;500;500;500;500;500;500;500;500;500;500;500;500;500;500;500;500;500;500;500;500;500;500;500;500;500;500;500;500;500;500;500;500;500;500;500;500;500;500;500;500;500;500;500;500;500;500;500;500;500;500;500;500;500;500;1000;1000;1000;1000;1000;1000;1000;1000;1000;1000;1000;1000;1000;1000;1000;1000;1000;1000;1000;1000;5000;5000;5000;5000;5000;5000;5000;5000;5000;10000;10000
1352944800,500,20;30;40;50;50;50;50;50;70;100;120;120;120;120;150;150;200;500;500;500;500;500;500;500;500;500;500;500;500;500;500;500;500;500;500;500;500;500;500;500;500;500;500;500;500;500;500;500;500;500;500;500;500;500;500;500;500;500;500;500;500;500;500;500;500;500;500;500;500;500;500;500;500;500;500;500;500;500;500;500;500;500;500;500;500;500;500;500;600;1000;1000;1000;1000;1000;1000;1000;1000;1000;1000;1000;1000;1000;1500;5000;5000;5000;5000;5000;5000;5000;5000;5000;5000;10000;10000;10000;50000;80000
1353031200,500,25;25;40;50;50;100;100;100;100;150;200;200;200;250;300;360;500;500;500;500;500;500;500;500;500;500;500;500;500;500;500;500;500;500;500;500;500;500;500;500;500;500;500;500;500;500;500;500;500;500;500;500;500;500;500;500;500;500;500;500;500;500;500;500;500;500;500;500;500;500;500;500;500;500;500;500;500;500;500;500;500;500;500;500;500;500;500;600;1000;1000;1000;1000;1000;1000;1000;1000;1000;1000;1000;1000;1000;1000;1000;1000;1000;1000;1500;5000;5000;5000;5000;5000;10000;10000;10000;10000;10000;10000;10000;10000;10000;10000;50000
1353117600,500,25;25;25;25;30;30;30;50;50;60;60;70;100;100;100;120;250;250;250;250;360;500;500;500;500;500;500;500;500;500;500;500;500;500;500;500;500;500;500;500;500;500;500;500;500;500;500;500;500;500;500;500;500;500;500;500;500;500;500;500;500;500;500;500;500;500;500;500;500;500;500;500;500;500;500;500;500;500;500;500;500;500;500;500;500;500;500;500;1000;1000;1000;1000;1000;1000;1000;1000;1000;1000;1000;1000;1000;1000;2000;5000;5000;5000;5000;5000;5000;5000;5000;5000;5000;5000;5000;5000;5000;5000;10000;10000;10000;10000;10000;100000;110000
1353204000,500,30;30;30;30;50;50;60;60;100;100;120;120;150;160;250;500;500;500;500;500;500;500;500;500;500;500;500;500;500;500;500;500;500;500;500;500;500;500;500;500;500;500;500;500;500;500;500;500;500;500;500;500;500;500;500;500;500;500;500;500;500;500;500;500;500;500;500;500;500;500;500;500;500;500;500;500;500;500;500;500;500;500;500;500;1000;1000;1000;1000;1000;1000;1000;1000;5000;5000;5000;5000;5000;5000;5000;10000;10000;10000;10000;10000;10000
1353290400,500,35;50;50;100;100;220;500;500;500;500;500;500;500;500;500;500;500;500;500;500;500;500;500;500;500;500;500;500;500;500;500;500;500;500;500;500;500;500;500;500;500;500;500;500;500;500;500;500;500;500;500;600;1000;1000;1000;1000;1000;1000;1000;1000;1000;5000;5000;5000;5000;10000;10000;10000;10000;10000;10000
1353376800,500,21;25;30;40;40;50;50;80;80;80;80;100;200;200;200;250;250;300;500;500;500;500;500;500;500;500;500;500;500;500;500;500;500;500;500;500;500;500;500;500;500;500;500;500;500;500;500;500;500;500;500;500;500;500;500;500;500;500;500;500;500;500;500;500;500;500;500;500;500;500;500;500;500;500;500;500;500;500;500;500;500;500;500;500;500;500;500;500;500;500;500;500;500;500;500;600;1000;1000;1000;1000;1000;1000;1000;1000;1000;1000;1000;1000;1000;1000;1000;1000;1500;5000;5000;5000;5000;5000;5000;5000;5000;5000;5000;5000;7500;10000;10000;10000;10000;50000
1353463200,500,20;25;25;25;25;40;50;50;50;50;50;50;100;100;100;200;200;200;200;250;500;500;500;500;500;500;500;500;500;500;500;500;500;500;500;500;500;500;500;500;500;500;500;500;500;500;500;500;500;500;500;500;500;500;500;500;500;500;500;500;500;500;500;500;500;500;500;500;500;500;500;500;500;500;500;500;1000;1000;1000;1000;1000;1000;1000;1500;5000;5000;5000;5000;5000;5000;10000;10000;10000;50000
1353549600,500,35;40;50;50;50;50;100;100;100;125;150;500;500;500;500;500;500;500;500;500;500;500;500;500;500;500;500;500;500;500;500;500;500;500;500;500;500;500;500;500;500;500;500;500;500;500;500;500;500;500;500;500;500;500;500;500;500;500;500;500;500;500;500;500;500;500;500;500;500;500;500;500;500;500;500;500;500;500;500;500;500;500;500;500;500;500;500;500;500;500;500;500;500;500;500;500;500;500;500;500;500;500;1000;1000;1000;1000;1000;1000;1000;1000;1000;1000;1000;1000;1000;5000;5000;5000;5000;5000;5000;5000;5000;5000;5000;5000;5000;5000
1353636000,500,20;20;20;30;35;50;50;50;70;100;150;150;200;250;250;300;500;500;500;500;500;500;500;500;500;500;500;500;500;500;500;500;500;500;500;500;500;500;500;500;500;500;500;500;500;500;500;500;500;500;500;500;500;500;500;500;500;500;500;500;500;500;500;500;500;500;500;500;500;500;500;500;500;500;500;700;1000;1000;1000;1000;1000;1000;1000;1000;1000;1000;1000;4676;5000;5000;5000;5000;5000;5000;5000;10000
1353722400,500,20;25;30;40;50;50;70;80;100;100;260;300;500;500;500;500;500;500;500;500;500;500;500;500;500;500;500;500;500;500;500;500;500;500;500;500;500;500;500;500;500;500;500;500;500;500;500;500;500;500;500;500;500;500;500;500;500;500;500;500;500;500;500;500;700;1000;1000;1000;1000;1000;1000;1000;1000;1000;1000;1000;1000;1000;1000;5000;5000;5000;5000;5000;5000;10000
1353808800,500,20;20;25;25;40;45;50;50;60;70;100;100;100;150;200;200;500;500;500;500;500;500;500;500;500;500;500;500;500;500;500;500;500;500;500;500;500;500;500;500;500;500;500;500;500;500;500;500;500;500;500;500;500;500;500;500;500;500;500;500;500;500;500;500;500;500;650;1000;1000;1000;1000;1000;1000;1000;1000;1000;1000;1000;1000;5000;5000;5000;5000;10000
1353895200,500,20;40;50;50;50;120;150;150;150;200;500;500;500;500;500;500;500;500;500;500;500;500;500;500;500;500;500;500;500;500;500;500;500;500;500;500;500;500;500;500;500;500;500;500;500;500;500;500;500;500;500;500;500;500;500;500;500;500;500;500;500;500;500;500;500;500;500;500;500;500;650;1000;1000;1000;1000;1000;1000;1000;1000;1000;1000;1000;1000;1000;5000;5000;5000;5000;5000;5000;5000;5000;5000;5000;5000;5000;5000;5000;10000;30000
1353981600,500,20;25;50;50;50;50;75;100;100;150;150;150;200;200;200;300;400;500;500;500;500;500;500;500;500;500;500;500;500;500;500;500;500;500;500;500;500;500;500;500;500;500;500;500;500;500;500;500;500;500;500;500;500;500;500;500;500;500;500;500;500;500;500;500;500;500;500;500;500;500;500;500;500;500;500;500;500;500;500;500;500;500;500;500;500;500;500;500;500;500;500;500;500;500;1000;1000;1000;1000;1000;1000;1000;1000;1000;1000;1000;1000;1000;1000;1000;2700;5000;5000;5000;5000;5000;5000;5000;5000;5000;5000;5000;5000;5000;5000;5000;5000;5000;5000;5000;5000;6800;150000
1354068000,500,20;20;20;30;50;50;60;75;75;100;100;125;150;199;200;400;500;500;500;500;500;500;500;500;500;500;500;500;500;500;500;500;500;500;500;500;500;500;500;500;500;500;500;500;500;500;500;500;500;500;500;500;500;500;500;500;500;500;500;500;500;500;500;500;500;500;500;500;500;500;500;500;500;500;500;500;500;500;500;500;500;500;500;500;500;500;500;500;500;500;500;500;500;500;500;500;500;500;700;1000;1000;1000;1000;1000;1000;1000;1000;1000;1000;1000;1000;5000;5000;5000;5000;5000;5000;5000;5000;5000;5000;5000;5000;5000;5000;10000;10000;10000
1354154400,500,20;20;30;30;30;40;50;50;50;50;75;75;100;100;100;150;150;200;200;200;200;200;240;250;300;500;500;500;500;500;500;500;500;500;500;500;500;500;500;500;500;500;500;500;500;500;500;500;500;500;500;500;500;500;500;500;500;500;500;500;500;500;500;500;500;500;500;500;500;500;500;500;500;500;500;500;500;500;500;500;500;500;500;500;500;500;500;500;500;500;500;500;500;500;500;500;500;500;500;500;500;500;500;500;500;500;500;500;500;500;500;500;500;500;500;1000;1000;1000;1000;1000;1000;1000;1000;1000;1000;1000;1000;1000;1000;5000;5000;5000;5000;5000;5000;5000;5000;5000;5000;8000;10000;10000;10000
1354240800,500,20;20;21;25;25;30;40;50;50;50;50;50;60;75;82;100;100;100;150;150;200;200;240;250;500;500;500;500;500;500;500;500;500;500;500;500;500;500;500;500;500;500;500;500;500;500;500;500;500;500;500;500;500;500;500;500;500;500;500;500;500;500;500;500;500;500;500;500;500;500;500;500;500;500;500;500;500;500;500;500;500;500;500;500;500;500;500;500;1000;1000;1000;1000;1000;1000;1000;1000;1000;1000;1000;1000;1000;1000;1000;1000;5000;5000;5000;5000;5000;5000;5000;5000;8000;10000
1354327200,500,20;20;20;20;20;25;25;30;30;50;50;50;60;70;100;100;300;500;500;500;500;500;500;500;500;500;500;500;500;500;500;500;500;500;500;500;500;500;500;500;500;500;500;500;500;500;500;500;500;500;500;500;500;500;500;500;500;500;500;500;500;500;500;500;500;500;500;500;500;500;1000;1000;1000;1000;1000;1000;1000;1000;1000;1000;1000;1000;1000;1000;1000;1000;1000;5000;5000;5000;5000;5000;10000
1354413600,500,20;20;20;20;25;30;30;50;50;50;80;100;100;100;100;150;160;200;250;300;350;500;500;500;500;500;500;500;500;500;500;500;500;500;500;500;500;500;500;500;500;500;500;500;500;500;500;500;500;500;500;500;500;500;500;500;500;500;500;500;500;500;500;500;500;500;500;500;500;1000;1000;1000;1000;1000;1000;1000;1000;1000;1000;5000;5000;5000;10000
1354500000,500,20;20;50;50;50;160;250;350;400;500;500;500;500;500;500;500;500;500;500;500;500;500;500;500;500;500;500;500;500;500;500;500;500;500;500;500;500;500;500;500;500;500;500;500;500;500;500;500;500;500;500;500;500;500;500;500;500;500;500;500;1000;1000;1000;1000;1000;1000;1000;1000;1000;1000;1000;1000;1000;1500;2000;10000;10000;10000
1354586400,500,35;50;50;50;50;75;75;80;100;100;100;150;150;150;150;400;500;500;500;500;500;500;500;500;500;500;500;500;500;500;500;500;500;500;500;500;500;500;500;500;500;500;500;500;500;500;500;500;500;500;500;500;500;500;500;500;500;500;500;500;500;500;500;500;500;500;500;500;500;500;500;500;500;500;500;500;500;500;500;500;500;500;500;500;500;500;500;500;500;500;750;1000;1000;1000;1000;1000;1000;1000;1000;1000;1000;1000;1000;1000;1000;1000;1237;5000;5000;5000;5000;5000;10000;10000;10000
1354672800,500,20;20;30;50;50;50;50;75;80;100;100;100;150;150;150;200;200;250;500;500;500;500;500;500;500;500;500;500;500;500;500;500;500;500;500;500;500;500;500;500;500;500;500;500;500;500;500;500;500;500;500;500;500;500;500;500;500;500;500;500;500;500;500;500;500;500;500;500;500;500;500;500;500;500;500;500;500;500;500;500;500;500;500;500;500;500;500;500;500;500;500;500;500;500;500;500;800;1000;1000;1000;1000;1000;1000;1000;1000;1000;1000;1000;1237;5000;5000;5000;5000;5000;5000
1354759200,500,20;25;30;40;50;50;60;70;90;100;100;100;100;200;200;250;500;500;500;500;500;500;500;500;500;500;500;500;500;500;500;500;500;500;500;500;500;500;500;500;500;500;500;500;500;500;500;500;500;500;500;500;500;500;500;500;500;500;500;500;500;500;500;500;500;500;500;500;500;500;500;500;500;500;500;500;500;500;500;500;500;500;500;500;500;500;500;500;500;500;500;500;500;500;500;500;500;500;500;500;500;700;1000;1000;1000;1000;1000;1000;1000;1000;1000;1000;1000;1000;1000;1000;1500;5000;5000;5000;5000;5000;5000;5000;10000;10000
1354845600,500,20;20;20;20;20;40;50;50;50;50;60;70;90;100;200;300;500;500;500;500;500;500;500;500;500;500;500;500;500;500;500;500;500;500;500;500;500;500;500;500;500;500;500;500;500;500;500;500;500;500;500;500;500;500;500;500;500;500;500;500;500;500;500;500;500;500;500;500;500;500;500;500;500;500;500;500;500;500;500;500;500;500;500;500;500;500;500;500;500;500;500;500;500;500;500;500;500;500;500;500;1000;1000;1000;1000;1000;1000;1000;1000;1000;1000;1000;1000;1000;1000;1000;2000;5000;5000;5000;5000;10000
1354932000,500,50;80;90;100;400;500;500;500;500;500;500;500;500;500;500;500;500;500;500;500;500;500;500;500;500;500;500;500;500;500;500;500;500;500;500;500;500;500;500;500;500;500;500;500;500;500;500;500;500;500;500;500;500;500;500;500;500;500;500;500;500;500;500;600;1000;1000;1000;1000;1000;1000;1000;1000;1000;1000;1000;1000;1000;1500;2000;3500;5000;5000;5000;100000
1355018400,500,30;30;40;50;60;100;120;250;400;500;500;500;500;500;500;500;500;500;500;500;500;500;500;500;500;500;500;500;500;500;500;500;500;500;500;500;500;500;500;500;500;500;500;500;500;500;500;500;500;500;750;1000;1000;1000;1000;1000;1000;1000;1000;1000;1000;1000;1000;1500;5000;5000;100000
1355104800,500,30;30;40;45;50;50;50;50;60;60;100;100;200;200;250;500;500;500;500;500;500;500;500;500;500;500;500;500;500;500;500;500;500;500;500;500;500;500;500;500;500;500;500;500;500;500;500;500;500;500;500;500;500;500;500;750;1000;1000;1000;1000;1000;1000;1500;2000;5000;5000;5000;5000;5000;5000;5000;5000;10000;10000;10000
1355191200,500,20;20;25;25;30;30;40;50;60;80;100;100;100;100;100;100;100;150;160;200;200;200;200;200;250;250;350;500;500;500;500;500;500;500;500;500;500;500;500;500;500;500;500;500;500;500;500;500;500;500;500;500;500;500;500;500;500;500;500;500;500;500;500;500;500;500;500;500;500;500;500;500;500;500;500;500;500;500;500;500;500;500;500;500;500;500;500;500;500;500;500;500;500;500;500;500;500;500;500;500;500;500;500;500;500;500;500;500;500;500;500;500;500;500;800;1000;1000;1000;1000;1000;1000;1000;1000;1500;2000;5000;5000;5000;5000;5000;10000;10000;10000;10000;100000
1355277600,500,20;20;23;25;30;35;40;50;50;75;100;150;160;200;200;200;400;400;500;500;500;500;500;500;500;500;500;500;500;500;500;500;500;500;500;500;500;500;500;500;500;500;500;500;500;500;500;500;500;500;500;500;500;500;500;500;500;500;500;500;500;500;500;500;500;500;500;500;500;500;500;500;500;500;500;500;500;500;500;500;500;500;500;500;500;500;500;500;500;500;500;500;500;500;500;500;500;500;500;500;500;500;500;500;500;500;500;500;500;500;600;800;1000;1000;1000;1000;1000;1000;1000;1000;1000;1000;1000;1000;1000;1000;1000;1000;4800;5000;5000;5000;5000;5000;10000;10000;10000
1355364000,500,20;30;30;35;50;50;50;50;70;70;70;70;70;100;100;100;100;120;150;200;200;200;375;500;500;500;500;500;500;500;500;500;500;500;500;500;500;500;500;500;500;500;500;500;500;500;500;500;500;500;500;500;500;500;500;500;500;500;500;500;500;500;500;500;500;500;500;500;500;500;500;500;500;500;500;500;500;500;500;500;500;500;500;500;500;500;500;500;500;500;1000;1000;1000;1000;1000;1000;1000;1000;1000;1000;1000;1000;1000;1000;1000;1000;1000;1000;1000;2000;4800;5000;5000;5000;5000;5000;5000;5000;5000;5000;5000;5000;8000;10000;10000;10000;10000;10000
1355450400,500,20;20;30;50;50;50;75;100;100;149;150;200;250;300;375;400;500;500;500;500;500;500;500;500;500;500;500;500;500;500;500;500;500;500;500;500;500;500;500;500;500;500;500;500;500;500;500;500;500;500;500;500;500;500;500;500;500;500;500;500;500;500;500;500;500;500;500;500;500;500;500;500;500;500;500;500;500;500;500;500;500;500;500;500;500;500;500;500;500;500;500;500;500;500;1000;1000;1000;1000;1000;1000;1000;1000;1000;1000;1000;1000;1000;1000;1000;1000;1000;1000;1000;1500;1500;5000;5000;5000;5000;5000;5000;5000;5000;5000;5000;5000;5000;5000;10000
1355536800,500,25;25;25;30;30;40;50;50;70;100;100;100;100;100;160;200;250;250;300;400;500;500;500;500;500;500;500;500;500;500;500;500;500;500;500;500;500;500;500;500;500;500;500;500;500;500;500;500;500;500;500;500;500;500;500;500;500;500;500;500;500;500;500;500;500;500;500;500;500;500;500;500;500;500;500;500;500;500;500;500;500;500;500;500;500;500;500;500;500;500;500;1000;1000;1000;1000;1000;1000;1000;1000;1000;1000;1000;1000;1000;1000;1000;1000;1000;5000;5000;5000;5000;5000;5000;5000;5000;5000;5000
1355623200,500,20;25;25;35;44;50;50;70;100;100;100;110;200;250;300;300;300;300;500;500;500;500;500;500;500;500;500;500;500;500;500;500;500;500;500;500;500;500;500;500;500;500;500;500;500;500;500;500;500;500;500;500;500;500;500;500;500;500;500;500;500;500;500;500;500;500;500;500;500;500;500;500;500;1000;1000;1000;1000;1000;1000;1000;1000;1000;1000;1000;1000;1050;5000;5000;10000;10000
1355709600,500,20;30;70;100;100;150;150;300;300;300;500;500;500;500;500;500;500;500;500;500;500;500;500;500;500;500;500;500;500;500;500;500;500;500;500;500;500;500;500;500;500;500;500;500;500;500;500;500;500;500;500;500;500;500;500;500;1000;1000;1000;1000;1000;1000;1000;1000;1000;1200;1500;5000;5000;5000;5000;5000;5000;10000;10000;10000;10000
1355796000,500,20;20;25;30;50;50;50;60;75;80;130;150;150;150;200;300;500;500;500;500;500;500;500;500;500;500;500;500;500;500;500;500;500;500;500;500;500;500;500;500;500;500;500;500;500;500;500;500;500;500;500;500;500;500;500;500;500;500;500;500;500;500;500;500;500;500;500;500;500;500;500;500;500;500;500;500;500;500;500;500;500;500;500;500;500;500;500;500;500;500;500;500;500;500;500;500;500;500;500;500;500;500;500;1000;1000;1000;1000;1000;1000;1000;1000;1000;1000;1000;1000;1000;1000;1000;1000;1000;1000;1250;1500;4000;5000;5000;5000;5000;5000;5000;5000;5000;5000;10000;10000;10000
1355882400,500,20;40;60;70;75;80;100;100;125;150;150;200;250;300;300;400;500;500;500;500;500;500;500;500;500;500;500;500;500;500;500;500;500;500;500;500;500;500;500;500;500;500;500;500;500;500;500;500;500;500;500;500;500;500;500;500;500;500;500;500;500;500;500;500;500;500;500;500;500;500;500;500;500;500;500;500;500;500;500;500;500;500;500;500;500;750;1000;1000;1000;1000;1000;1000;1000;1000;1000;1000;1000;1000;1000;1000;1000;2000;5000;5000;5000;5000;5000;5000;5000;5000;10000
1355968800,500,20;20;20;21;50;50;50;50;70;80;100;100;100;125;200;200;350;500;500;500;500;500;500;500;500;500;500;500;500;500;500;500;500;500;500;500;500;500;500;500;500;500;500;500;500;500;500;500;500;500;500;500;500;500;500;500;500;500;500;500;500;500;500;500;500;500;500;500;500;500;500;500;500;500;500;500;600;700;750;1000;1000;1000;1000;1000;1000;1000;1000;1000;1000;1000;1000;1000;1000;1000;1500;4000;5000;5000;5000;5000;5000
1356055200,500,20;21;40;50;50;50;50;50;100;100;100;125;150;200;500;500;500;500;500;500;500;500;500;500;500;500;500;500;500;500;500;500;500;500;500;500;500;500;500;500;500;500;500;500;500;500;500;500;500;500;500;500;500;500;500;500;500;500;500;500;500;500;500;500;500;500;600;1000;1000;1000;1000;1000;1000;1000;1000;1000;1000;1000;1000;1000;5000;5000;5000;5000;5000;5000;5000;10000;10000;10000
1356141600,500,30;50;80;100;100;100;100;200;200;200;200;250;300;495;500;500;500;500;500;500;500;500;500;500;500;500;500;500;500;500;500;500;500;500;500;500;500;500;500;500;500;500;500;500;500;500;500;500;500;500;500;500;500;500;500;500;500;500;500;500;500;500;1000;1000;1000;1000;1000;1000;1000;1000;1000;1000;1000;3000;5000;5000;5000;5000;5000;5000;5000;5000;5000;5000;10000;10000;10000;10000;10000;10000;10000;10000;10000;10000;10000;10000;10000;10000;10000
1356228000,500,20;25;30;30;50;100;200;200;200;213;250;250;250;495;500;500;500;500;500;500;500;500;500;500;500;500;500;500;500;500;500;500;500;500;500;500;500;500;500;500;500;500;500;500;500;500;500;500;500;500;500;500;500;500;500;500;500;500;1000;1000;1000;1000;1000;1000;1000;1000;1000;1000;1000;1000;1000;1000;1000;1000;5000;5000;5000;5000;5000;5000;5000;5000;10000;10000;10000;10000;10000;10000;10000;10000;10000;10000;10000;10000;10000;10000
1356314400,500,20;20;25;25;25;25;30;40;50;50;100;250;250;250;400;500;500;500;500;500;500;500;500;500;500;500;500;500;500;500;500;500;500;500;500;500;500;500;500;500;500;500;500;500;500;500;500;500;500;500;500;500;500;500;500;500;500;500;500;500;500;500;500;500;500;500;500;500;500;500;500;1000;1000;1000;1000;1000;1000;1000;1000;1000;1000;1000;1000;1000;1000;1000;1000;1000;1000;5000;5000;5000;5000;5000;5000;5000;5000;5000;5000;5000;5000;10000;10000
1356400800,500,20;20;25;25;28;30;40;50;50;50;75;100;100;120;200;200;350;400;500;500;500;500;500;500;500;500;500;500;500;500;500;500;500;500;500;500;500;500;500;500;500;500;500;500;500;500;500;500;500;500;500;500;500;500;500;500;500;500;500;500;500;500;1000;1000;1000;1000;1000;1000;1000;1000;1000;1000;1000;1000;1000;1000;1000;5000;5000;5000;5000;5000;5000;5000;5000;5000;10000;10000;10000;10000;10000
1356487200,500,20;25;28;40;50;60;100;100;120;200;200;500;500;500;500;500;500;500;500;500;500;500;500;500;500;500;500;500;500;500;500;500;500;500;500;500;500;500;500;500;500;500;500;500;500;500;500;500;500;500;500;1000;1000;1000;1000;1000;1000;1000;1000;1000;5000;5000;5000;10000;10000;10000;10000
1356573600,500,20;40;40;40;50;50;60;80;100;100;100;100;190;200;500;500;500;500;500;500;500;500;500;500;500;500;500;500;500;500;500;500;500;500;500;500;500;500;500;500;500;500;500;500;500;500;500;500;500;500;500;500;500;500;500;500;500;500;500;500;500;500;500;500;500;500;500;500;500;500;500;500;500;500;500;500;500;500;500;1000;1000;1000;1000;1000;1000;1000;1000;5000;5000;5000;5000;5000;5000;5000;5000;5000;5000;5000;10000;10000;10000;10000;10000;10000
1356660000,500,20;20;20;30;40;40;50;50;50;50;50;80;100;100;100;175;190;200;225;225;250;400;500;500;500;500;500;500;500;500;500;500;500;500;500;500;500;500;500;500;500;500;500;500;500;500;500;500;500;500;500;500;500;500;500;500;500;500;500;500;500;500;500;500;500;500;500;500;500;500;500;500;500;500;500;750;1000;1000;1000;1000;1000;1000;1000;5000;5000;5000;5000;5000;5000;5000;5000;5000;5000;5000;5000;5000;6000;10000;10000;10000;10000;10000
1356746400,500,20;25;70;100;100;100;100;125;200;225;225;225;240;350;500;500;500;500;500;500;500;500;500;500;500;500;500;500;500;500;500;500;500;500;500;500;500;500;500;500;500;500;500;500;500;500;500;500;500;500;500;500;500;500;500;500;500;500;500;500;500;500;500;500;500;500;500;500;500;500;500;500;500;500;500;500;750;1000;1000;1000;1000;1000;1000;5000;5000;5000;5000;5000;5000;5000;5000;5000;5000
1356832800,500,20;20;25;50;50;50;100;100;100;125;150;200;200;200;500;500;500;500;500;500;500;500;500;500;500;500;500;500;500;500;500;500;500;500;500;500;500;500;500;500;500;500;500;500;500;500;500;500;500;500;500;500;500;500;500;500;500;500;500;500;500;500;500;500;500;500;500;500;500;500;500;500;500;500;500;500;500;500;500;500;500;500;500;1000;1000;1000;1000;1000;1000;2000;3000;5000;5000;5000;5000;5000;5000
1356919200,500,20;40;50;50;50;100;100;100;125;150;150;200;200;500;500;500;500;500;500;500;500;500;500;500;500;500;500;500;500;500;500;500;500;500;500;500;500;500;500;500;500;500;500;500;500;500;500;500;500;500;500;500;500;500;500;500;500;500;500;500;500;1000;1000;1000;1000;1000;1000;1000;1000;1000;2000;5000;5000;5000;5000;5000;10000;10000;10000
1357005600,500,50;50;50;50;80;100;100;125;150;500;500;500;500;500;500;500;500;500;500;500;500;500;500;500;500;500;500;500;500;500;500;500;500;500;500;500;500;500;500;500;500;500;500;500;500;500;500;500;500;500;500;500;500;500;500;500;500;500;500;500;500;500;500;1000;1000;1000;1000;1000;1000;1000;1000;1000;1000;2000;5000;5000;5000;5000;5000;5000;5000;5000;5000;5000;5000;10000;10000
1357092000,500,20;20;50;60;75;80;100;100;150;150;200;200;250;300;500;500;500;500;500;500;500;500;500;500;500;500;500;500;500;500;500;500;500;500;500;500;500;500;500;500;500;500;500;500;500;500;500;500;500;500;500;500;500;500;500;500;500;500;500;500;500;500;500;500;500;500;500;500;500;500;500;500;500;500;1000;1000;1000;1000;1000;1000;1000;1000;1000;1000;1000;5000;5000;5000;5000;5000;10000;10000;10000
1357178400,500,20;55;56;75;75;100;100;100;150;150;150;150;150;250;300;300;500;500;500;500;500;500;500;500;500;500;500;500;500;500;500;500;500;500;500;500;500;500;500;500;500;500;500;500;500;500;500;500;500;500;500;500;500;500;500;500;500;500;500;500;500;500;500;500;500;500;500;500;500;500;500;500;500;500;500;500;500;500;500;500;500;500;500;500;500;500;500;500;500;500;500;500;500;500;500;500;500;500;500;1000;1000;1000;1000;1000;1000;1000;1000;1000;1000;1000;1000;1000;1000;5000;5000;5000;5000;10000;10000;10000;10000;10000;10000;10000
1357264800,500,23;25;30;40;40;50;50;50;56;75;75;100;100;100;100;100;150;150;150;150;200;250;400;500;500;500;500;500;500;500;500;500;500;500;500;500;500;500;500;500;500;500;500;500;500;500;500;500;500;500;500;500;500;500;500;500;500;500;500;500;500;500;500;500;500;500;500;500;500;500;500;500;500;500;500;500;500;500;500;500;500;500;500;500;500;500;500;500;500;500;500;500;500;500;500;500;500;500;500;500;500;500;500;600;1000;1000;1000;1000;1000;1000;1000;1000;1000;1000;1000;1000;1000;1000;1000;1000;5000;5000;5000;5000;5000;5000;5000;10000;10000;10000;10000;10000;10000;10000
1357351200,500,25;30;50;50;50;100;100;100;100;125;200;200;250;400;500;500;500;500;500;500;500;500;500;500;500;500;500;500;500;500;500;500;500;500;500;500;500;500;500;500;500;500;500;500;500;500;500;500;500;500;500;500;500;500;500;500;500;500;500;500;500;500;500;500;500;500;500;500;500;500;500;500;500;500;500;500;500;500;500;500;500;500;500;500;500;500;500;500;500;700;1000;1000;1000;1000;1000;1000;1000;1000;5000;5000;5000;5000;5000;5000;10000;10000;10000;10000;10000;10000;10000
1357437600,500,20;30;40;50;50;50;50;50;50;54;65;65;65;80;80;90;100;100;100;100;150;150;200;250;250;250;250;450;500;500;500;500;500;500;500;500;500;500;500;500;500;500;500;500;500;500;500;500;500;500;500;500;500;500;500;500;500;500;500;500;500;500;500;500;500;500;500;500;500;500;500;500;500;500;500;500;500;500;500;500;1000;1000;1000;1000;1000;1000;1000;1000;1000;5000;5000;5000;5000;10000;10000;10000;10000;10000
1357524000,500,20;20;20;40;50;50;50;50;65;75;75;80;100;100;200;250;250;450;450;500;500;500;500;500;500;500;500;500;500;500;500;500;500;500;500;500;500;500;500;500;500;500;500;500;500;500;500;500;500;500;500;500;500;500;500;500;500;500;500;500;500;500;500;500;500;500;500;500;500;500;500;500;500;500;500;500;500;500;500;500;500;1000;1000;1000;1000;1000;1000;1000;1000;1000;5000;5000;5000;5000;10000;10000
1357524000,500,20;20;30;100;100;100;200;250;250;350;500;500;500;500;500;500;500;500;500;500;500;500;500;500;500;500;500;500;500;500;500;500;500;500;500;500;500;500;500;500;500;500;500;500;500;500;500;500;1000;1000;1000;1000;1000;1000;1000;1000;1000;1000;1000;1000;5000;5000;5000;5000;10000;10000
1357869600,500,30;50;100;150;300;500;500;500;500;500;500;500;500;500;500;500;500;500;500;500;500;500;500;500;500;500;750;1000;1000;1000;1000;1000;2000;5000
1357956000,500,20;30;30;40;50;50;50;60;75;80;100;100;100;112;150;160;200;300;500;500;500;500;500;500;500;500;500;500;500;500;500;500;500;500;500;500;500;500;500;500;500;500;500;500;500;500;500;500;500;500;500;500;500;500;500;500;500;500;500;500;500;500;500;500;500;500;500;500;500;500;500;500;500;500;500;500;500;500;500;500;500;500;500;500;500;500;500;500;500;500;500;500;500;500;500;500;500;1000;1000;1000;1000;1000;1000;1000;1000;1000;1000;1000;1000;1000;1000;1000;1000;1000;1000;1000;1000;5000;5000;5000;5000;5000;5000;5000;5000;5000;10000;10000;10000
1358042400,500,20;20;25;30;30;40;50;50;75;75;75;150;200;400;500;500;500;500;500;500;500;500;500;500;500;500;500;500;500;500;500;500;500;500;500;500;500;500;500;500;500;500;500;500;500;500;500;500;500;500;500;500;500;500;500;500;500;500;500;500;500;500;500;600;600;1000;1000;1000;1000;1000;1000;5000;5000;5000;5000;10000;10000;10000;10000;10000;10000;10000;5000000
1358128800,500,25;30;40;50;100;150;200;250;300;400;500;500;500;500;500;500;500;500;500;500;500;500;500;500;500;500;500;500;500;500;500;500;500;500;500;500;500;500;500;500;500;500;500;500;500;500;500;500;500;500;500;500;500;500;500;500;500;500;500;500;500;500;500;500;500;500;500;500;500;500;600;1000;1000;1000;1000;1000;1000;1000;1000;1000;1000;1000;1000;5000;5000;5000;5000;5000;5000;10000;10000;10000;10000
1358215200,500,20;30;30;40;45;50;50;50;50;60;65;70;75;75;100;100;100;100;150;200;200;250;250;300;300;300;500;500;500;500;500;500;500;500;500;500;500;500;500;500;500;500;500;500;500;500;500;500;500;500;500;500;500;500;500;500;500;500;500;500;500;500;500;500;500;500;500;500;500;500;500;500;500;500;500;500;500;500;500;500;500;500;500;500;500;500;500;500;500;500;500;500;500;500;500;500;500;500;500;500;500;500;500;500;500;500;500;500;500;500;500;500;600;1000;1000;1000;1000;1000;1000;1000;1000;1000;1000;1000;1000;1000;1000;1000;1000;1000;1000;1000;1000;1000;1000;1000;1000;1000;1000;1000;1250;2000;5000;5000;5000;5000;5000;5000;5000;5000;5000;5000;10000;10000;10000;10000
1358301600,500,20;20;23;25;30;30;40;50;50;50;50;60;100;100;100;100;150;200;200;200;400;500;500;500;500;500;500;500;500;500;500;500;500;500;500;500;500;500;500;500;500;500;500;500;500;500;500;500;500;500;500;500;500;500;500;500;500;500;500;500;500;500;500;500;500;500;500;500;500;500;500;500;500;500;500;500;500;500;500;500;500;500;500;500;500;500;500;500;500;500;500;500;500;500;500;500;500;500;500;500;500;500;500;500;500;500;500;500;500;500;500;500;500;500;500;500;500;600;700;1000;1000;1000;1000;1000;1000;1000;1000;1000;1000;1000;1000;1000;1000;1000;1000;1000;1000;1000;1000;1000;1000;1000;1000;1600;5000;5000;5000;5000;5000;5000;10000
1358388000,500,20;20;20;20;25;30;50;50;50;50;50;50;50;75;100;180;200;200;300;400;500;500;500;500;500;500;500;500;500;500;500;500;500;500;500;500;500;500;500;500;500;500;500;500;500;500;500;500;500;500;500;500;500;500;500;500;500;500;500;500;500;500;500;500;500;500;500;500;500;500;500;500;500;500;500;500;500;500;500;500;500;500;500;500;500;500;500;500;500;500;500;500;500;500;500;500;500;500;500;500;500;500;500;500;500;500;1000;1000;1000;1000;1000;1000;1000;1000;1000;1000;1000;1000;1000;1000;2000;5000;5000;5000;10000;10000;10000;10000;10000;10000
1358474400,500,20;20;20;30;30;40;40;50;60;60;70;75;100;100;100;100;110;150;200;300;400;500;500;500;500;500;500;500;500;500;500;500;500;500;500;500;500;500;500;500;500;500;500;500;500;500;500;500;500;500;500;500;500;500;500;500;500;500;500;500;500;500;500;500;500;500;500;500;500;500;500;500;500;500;500;500;500;500;500;500;500;500;500;500;500;500;500;500;500;500;500;500;500;500;500;500;500;500;500;500;500;500;500;500;500;500;500;500;500;500;500;500;500;500;500;500;500;500;500;500;500;500;750;1000;1000;1000;1000;1000;1000;1000;1000;1000;1000;1000;1000;1000;1000;1000;1000;1000;1000;1000;5000;5000;5000;5000;5000;5000;5000;5000;5000;5000;5000;5000;5000;10000;10000;10000
1358560800,500,20;30;50;60;70;70;75;100;100;100;100;100;100;100;110;130;150;150;180;200;200;200;200;250;500;500;500;500;500;500;500;500;500;500;500;500;500;500;500;500;500;500;500;500;500;500;500;500;500;500;500;500;500;500;500;500;500;500;500;500;500;500;500;500;500;500;500;500;500;500;500;500;500;500;500;500;500;500;500;500;500;500;500;500;500;500;500;500;500;500;500;500;500;500;500;500;500;500;500;500;500;500;500;500;500;500;500;700;1000;1000;1000;1000;1000;1000;1000;1000;1000;1000;1000;1000;1000;1000;1000;1000;1000;1000;1000;1000;2000;5000;5000;5000;5000;5000;10000;10000;10000;10000;10000
1358647200,500,20;30;35;40;50;100;100;130;200;200;300;300;500;500;500;500;500;500;500;500;500;500;500;500;500;500;500;500;500;500;500;500;500;500;500;500;500;500;500;500;500;500;500;500;500;500;500;500;500;500;500;500;500;500;500;500;500;500;500;500;500;500;500;500;500;500;500;500;500;700;1000;1000;1000;1000;1000;1000;1000;1000;1000;1000;1000;1000;1000;1000;2500;3000;5000;5000;5000;5000;10000;10000;10000;10000;55000
1358733600,500,25;25;30;30;30;40;45;75;100;200;200;240;250;300;450;500;500;500;500;500;500;500;500;500;500;500;500;500;500;500;500;500;500;500;500;500;500;500;500;500;500;500;500;500;500;500;500;500;500;500;500;500;500;500;500;500;500;500;500;500;500;500;500;500;500;500;500;500;500;500;500;500;500;500;500;800;1000;1000;1000;1000;1000;1000;1000;1000;1000;1000;1000;1000;1000;1000;1000;1000;1000;1000;2500;3000;5000;5000;5000;5000;5000;5000;5000;10000;10000;10000
1358820000,500,20;25;25;25;25;25;30;35;35;50;60;60;80;100;100;120;145;150;180;250;300;300;450;500;500;500;500;500;500;500;500;500;500;500;500;500;500;500;500;500;500;500;500;500;500;500;500;500;500;500;500;500;500;500;500;500;500;500;500;500;500;500;500;500;500;500;500;500;500;500;500;500;500;500;500;500;500;500;500;500;500;500;500;500;500;500;500;500;500;500;500;500;500;500;500;500;500;500;500;500;500;500;500;500;500;800;1000;1000;1000;1000;1000;1000;1000;1000;1000;1000;1000;1000;1000;1000;1000;1000;1000;1000;1000;1000;1000;2000;2000;5000;5000;5000;5000;5000;5000;5000;10000;10000;10000;70000
1358906400,500,20;20;20;20;25;25;30;50;50;50;50;50;60;60;60;100;100;100;100;100;120;150;150;180;200;250;500;500;500;500;500;500;500;500;500;500;500;500;500;500;500;500;500;500;500;500;500;500;500;500;500;500;500;500;500;500;500;500;500;500;500;500;500;500;500;500;500;500;500;500;500;500;500;500;500;500;500;500;500;500;500;500;500;500;500;500;500;500;500;500;500;500;500;500;500;500;500;500;500;500;500;500;500;500;500;500;500;500;500;500;500;500;500;500;500;500;500;500;701;1000;1000;1000;1000;1000;1000;1000;1000;1000;1000;1000;1000;1500;3000;5000;5000;5000;5000;5000;5000;5000;10000;10000;10000;25000
1358992800,500,20;25;25;30;50;50;50;50;50;60;75;100;100;100;150;200;250;500;500;500;500;500;500;500;500;500;500;500;500;500;500;500;500;500;500;500;500;500;500;500;500;500;500;500;500;500;500;500;500;500;500;500;500;500;500;500;500;500;500;500;500;500;500;500;500;500;500;500;500;500;500;500;500;500;500;500;500;500;500;500;500;500;500;500;500;500;500;500;500;500;1000;1000;1000;1000;1000;1000;1000;1000;1000;1000;1000;1000;1000;1000;1000;1000;1000;1000;1500;5000;5000;5000;5000;5000;5000;5000;5000;5000;5000;5000;9000;10000;10000;10000;10000;10000
1359079200,500,50;50;50;50;75;75;75;75;75;75;100;100;100;150;200;250;350;500;500;500;500;500;500;500;500;500;500;500;500;500;500;500;500;500;500;500;500;500;500;500;500;500;500;500;500;500;500;500;500;500;500;500;500;500;500;500;500;500;500;500;500;500;500;500;500;500;500;500;500;500;500;500;500;500;500;500;500;500;500;500;500;500;500;500;500;500;500;500;500;500;500;500;500;500;500;500;500;500;500;500;500;500;500;500;500;500;500;500;500;500;1000;1000;1000;1000;1000;1000;1000;1000;1000;1000;1000;1000;1000;2000;5000;5000;5000;5000;5000;5000;5000;5000;5000;5000;10000;10000
1359165600,500,20;25;25;25;50;50;50;50;50;50;50;50;75;100;100;100;100;250;350;500;500;500;500;500;500;500;500;500;500;500;500;500;500;500;500;500;500;500;500;500;500;500;500;500;500;500;500;500;500;500;500;500;500;500;500;500;500;500;500;500;500;500;500;500;500;500;500;500;500;500;500;500;500;500;500;500;500;500;500;500;500;500;500;500;500;500;500;500;500;500;500;500;500;500;500;500;500;500;600;1000;1000;1000;1000;1000;1000;1000;1000;1000;1000;1000;1000;1000;1500;1500;1500;1500;1500;1500;5000;5000;5000;5000;5000;5000;5000;5000;5000;5000;10000;10000;10000;10000;10000
1359252000,500,20;30;50;50;50;50;50;50;50;50;60;100;100;100;100;500;500;500;500;500;500;500;500;500;500;500;500;500;500;500;500;500;500;500;500;500;500;500;500;500;500;500;500;500;500;500;500;500;500;500;500;500;500;500;500;500;500;500;500;500;500;500;500;500;500;500;500;500;600;1000;1000;1000;1000;1000;1000;1000;1000;1000;1000;5000;5000;5000;5000;5000;5000;10000;10000;10000
1359338400,500,25;25;40;40;50;60;75;100;100;100;100;125;300;350;500;500;500;500;500;500;500;500;500;500;500;500;500;500;500;500;500;500;500;500;500;500;500;500;500;500;500;500;500;500;500;500;500;500;500;500;500;500;500;500;500;500;500;500;500;500;500;500;500;500;500;500;500;500;500;500;1000;1000;1000;1000;1000;1000;1000;1000;1000;1000;5000;5000;5000;5000;10000;10000;10000;10000
1359424800,500,20;20;20;25;40;40;45;45;50;50;60;80;100;100;100;100;100;200;200;250;300;500;500;500;500;500;500;500;500;500;500;500;500;500;500;500;500;500;500;500;500;500;500;500;500;500;500;500;500;500;500;500;500;500;500;500;500;500;500;500;500;500;500;500;500;500;500;500;500;500;500;500;500;500;500;500;500;500;500;500;500;500;500;500;500;500;500;500;500;500;500;500;500;500;500;500;500;500;500;500;500;500;500;500;500;500;500;500;500;500;1000;1000;1000;1000;1000;1000;1000;1000;1000;1000;1000;1000;1000;1000;1500;1500;1500;1500;1500;5000;7500;10000;10000;10000;10000
1359511200,500,40;45;50;60;65;70;75;80;80;100;100;100;100;100;100;110;150;200;250;252;300;300;350;500;500;500;500;500;500;500;500;500;500;500;500;500;500;500;500;500;500;500;500;500;500;500;500;500;500;500;500;500;500;500;500;500;500;500;500;500;500;500;500;500;500;500;500;500;500;500;500;500;500;500;500;500;500;500;500;500;500;500;500;500;500;500;500;500;500;500;500;500;500;500;500;500;500;500;500;500;500;500;650;680;1000;1000;1000;1000;1000;1000;1000;1000;1000;1000;1000;1000;1000;1000;1000;1000;1000;1000;1000;1000;1000;1500;2000;5000;5000;5000;5000;5000;5000;10000;10000;10000;10000;10000
1359597600,500,20;20;25;40;50;50;50;100;100;150;200;250;252;500;500;500;500;500;500;500;500;500;500;500;500;500;500;500;500;500;500;500;500;500;500;500;500;500;500;500;500;500;500;500;500;500;500;500;500;500;500;500;500;500;500;500;500;500;500;500;500;500;500;500;500;500;500;500;500;500;500;500;500;500;500;500;500;500;500;500;500;500;500;500;500;500;500;500;500;500;500;500;500;500;500;500;500;500;500;500;500;500;500;500;500;500;500;500;500;500;500;500;500;650;680;1000;1000;1000;1000;1000;1000;1000;1000;1000;1000;1000;1000;1000;1000;1000;1000;1000;1000;1500;2000;5000;5000;5000;5000;5000;5000;5000;5000;10000;20000;200000
1359684000,500,20;21;25;35;40;40;50;50;50;100;100;110;120;150;200;300;500;500;500;500;500;500;500;500;500;500;500;500;500;500;500;500;500;500;500;500;500;500;500;500;500;500;500;500;500;500;500;500;500;500;500;500;500;500;500;500;500;500;500;500;500;500;500;500;500;500;500;500;500;500;500;500;500;500;500;500;500;500;500;500;500;500;500;500;500;500;500;500;500;500;500;500;500;500;500;500;500;500;500;500;500;500;500;500;500;500;500;500;500;500;500;500;500;755;1000;1000;1000;1000;1000;1000;1000;1000;1000;1000;1000;1000;1000;1000;1000;1000;1000;1000;1000;1500;1500;5000;5000;5000;5000;5000;5000;5000;5000;5000;20000
1359770400,500,20;20;40;45;50;50;60;100;100;100;100;100;100;120;130;150;200;200;200;300;450;500;500;500;500;500;500;500;500;500;500;500;500;500;500;500;500;500;500;500;500;500;500;500;500;500;500;500;500;500;500;500;500;500;500;500;500;500;500;500;500;500;500;500;500;500;500;500;500;500;500;500;500;500;500;500;500;500;500;500;500;500;500;500;500;500;500;500;500;500;500;500;500;500;500;500;500;500;500;755;800;1000;1000;1000;1000;1000;1000;1000;1000;1000;1000;1000;1000;1000;1000;1000;1000;1000;5000;5000;5000;5000;5000;5000;5000
1359856800,500,20;25;25;25;35;50;50;50;50;70;100;100;100;100;100;100;100;120;150;200;200;500;500;500;500;500;500;500;500;500;500;500;500;500;500;500;500;500;500;500;500;500;500;500;500;500;500;500;500;500;500;500;500;500;500;500;500;500;500;500;500;500;500;500;500;500;500;500;500;500;500;500;500;500;500;500;500;500;600;700;800;1000;1000;1000;1000;1000;1000;1000;1000;1000;1000;1000;1000;1000;1000;5000;5000;5000;5000;10000
1359943200,500,25;35;40;40;40;50;50;50;50;70;70;100;100;100;170;170;170;180;500;500;500;500;500;500;500;500;500;500;500;500;500;500;500;500;500;500;500;500;500;500;500;500;500;500;500;500;500;500;500;500;500;500;500;500;500;500;500;500;500;500;500;500;500;500;500;500;500;500;500;500;500;500;500;500;500;500;500;500;1000;1000;1000;1000;1000;1000;1000;1000;1000;1000;1000;2000;5000;5000;5000;5000;10000;10000;10000
1360029600,500,25;40;50;55;70;100;100;100;120;150;150;150;170;180;200;300;500;500;500;500;500;500;500;500;500;500;500;500;500;500;500;500;500;500;500;500;500;500;500;500;500;500;500;500;500;500;500;500;500;500;500;500;500;500;500;500;500;500;500;500;500;500;500;500;500;500;500;500;500;500;500;500;500;500;500;500;500;500;500;500;500;500;500;500;500;500;500;1000;1000;1000;1000;1000;1000;1000;1000;1000;1000;1000;1000;1000;1000;1000;1000;1000;1500;1500;2000;5000;5000;5000;5000;5000;5000;5000;5000;5000;5000;10000;10000;15000;120000
1360116000,500,30;45;60;100;100;100;100;150;150;150;200;200;225;300;500;500;500;500;500;500;500;500;500;500;500;500;500;500;500;500;500;500;500;500;500;500;500;500;500;500;500;500;500;500;500;500;500;500;500;500;500;500;500;500;500;500;500;500;500;500;500;500;500;500;500;500;500;500;500;500;500;500;500;500;500;500;500;500;500;500;500;500;500;500;500;500;500;500;500;500;500;500;500;500;500;500;500;500;500;700;700;1000;1000;1000;1000;1000;1000;1000;1000;1000;1000;1000;1000;1000;1500;1500;1500;5000;5000;5000;5000;5000;5000;5000;5000;5000;5000;5000;5000;5000;5000;10000;10000;10000;10000;10000
1360202400,500,20;25;30;40;45;45;50;75;80;80;100;100;100;100;100;100;160;175;180;200;200;250;250;250;499;500;500;500;500;500;500;500;500;500;500;500;500;500;500;500;500;500;500;500;500;500;500;500;500;500;500;500;500;500;500;500;500;500;500;500;500;500;500;500;500;500;500;500;500;500;500;500;500;500;500;500;500;500;500;500;500;500;500;500;500;500;500;500;500;500;500;500;500;500;500;500;500;500;500;500;500;500;500;500;500;500;500;500;500;650;700;700;1000;1000;1000;1000;1000;1000;1000;1000;1000;1000;1000;1000;1000;1000;1000;1000;5000;5000;5000;5000;5000;5000;5000;5000;5000;5000;5000;5000;5000;5000;5000;5000;5000;10000;10000;10000;10000;10000;50000
1360288800,500,20;20;25;30;50;50;50;70;100;100;100;100;100;100;110;150;150;200;250;250;250;250;250;500;500;500;500;500;500;500;500;500;500;500;500;500;500;500;500;500;500;500;500;500;500;500;500;500;500;500;500;500;500;500;500;500;500;500;500;500;500;500;500;500;500;500;500;500;500;500;500;500;500;500;500;500;500;500;500;500;500;500;500;500;500;500;500;500;500;500;500;500;500;500;500;500;500;500;500;500;500;500;500;500;500;500;500;1000;1000;1000;1000;1000;1000;1000;1000;1000;1000;1000;1000;1000;1000;1000;1000;5000;5000;5000;5000;5000;5000;5000;5000;5000;5000;5000;5000;5000;10000;10000;10000;10000;42000
1360375200,500,20;20;30;30;35;50;50;60;70;110;200;300;300;500;500;500;500;500;500;500;500;500;500;500;500;500;500;500;500;500;500;500;500;500;500;500;500;500;500;500;500;500;500;500;500;500;500;500;500;500;500;500;500;500;500;500;500;500;500;500;500;500;500;500;500;500;500;500;500;500;500;500;500;500;500;500;500;500;500;500;500;500;500;500;500;500;500;500;500;500;500;500;500;500;500;500;500;500;500;500;500;500;500;1000;1000;1000;1000;1000;1000;1000;1000;1000;1000;1000;1000;1000;1000;1000;1000;1000;1500;1500;1500;5000;5000;5000;10000;10000;10000;10000
1360461600,500,20;50;50;60;75;100;100;100;150;150;250;300;500;500;500;500;500;500;500;500;500;500;500;500;500;500;500;500;500;500;500;500;500;500;500;500;500;500;500;500;500;500;500;500;500;500;500;500;500;500;500;500;500;500;500;500;500;500;500;500;500;500;500;500;500;500;500;500;500;500;500;500;500;500;500;500;500;500;500;500;500;500;500;500;500;500;500;1000;1000;1000;1000;1000;1000;1000;1000;1000;1000;1000;1000;1000;1500;5000;5000;5000;5000;5000;10000;10000;10000;10000;10000
1360548000,500,20;25;25;30;35;40;50;50;50;50;50;60;60;75;75;100;100;100;100;100;100;100;100;100;100;100;150;150;150;300;300;380;499;500;500;500;500;500;500;500;500;500;500;500;500;500;500;500;500;500;500;500;500;500;500;500;500;500;500;500;500;500;500;500;500;500;500;500;500;500;500;500;500;500;500;500;500;500;500;500;500;500;500;500;500;500;500;500;500;500;500;500;500;500;500;500;500;500;500;500;500;500;500;500;500;500;500;500;500;500;1000;1000;1000;1000;1000;1000;1000;1000;1000;1000;1000;1000;1000;1000;1000;1000;1200;1350;5000;5000;5000;5000;5000;5000;5000;5000;10000;10000;10000;10000;10000;10000;10000;10000;10000;10000
1360634400,500,20;25;25;25;30;35;40;50;50;50;60;75;75;100;100;150;150;150;200;250;250;350;499;500;500;500;500;500;500;500;500;500;500;500;500;500;500;500;500;500;500;500;500;500;500;500;500;500;500;500;500;500;500;500;500;500;500;500;500;500;500;500;500;500;500;500;500;500;500;500;500;500;500;500;500;500;500;500;500;500;500;500;500;500;500;500;500;500;500;500;500;500;500;500;500;500;500;500;500;500;500;500;500;500;500;500;500;500;600;1000;1000;1000;1000;1000;1000;1000;1000;1000;1000;1000;1000;1000;1000;1000;1000;1000;1000;1350;5000;5000;5000;5000;5000;5000;5000;5000;5000;10000;10000;10000;10000;10000;10000;10000
1360720800,500,20;20;20;60;75;100;100;100;100;100;100;100;100;100;100;100;100;150;150;150;150;150;150;150;150;150;150;160;200;200;200;200;250;250;300;350;500;500;500;500;500;500;500;500;500;500;500;500;500;500;500;500;500;500;500;500;500;500;500;500;500;500;500;500;500;500;500;500;500;500;500;500;500;500;500;500;500;500;500;500;500;500;500;500;500;500;500;500;500;500;500;500;500;500;500;500;500;500;500;500;500;500;500;500;500;500;500;500;500;500;500;500;500;500;500;500;500;500;500;500;500;500;500;500;500;500;500;500;500;500;1000;1000;1000;1000;1000;1000;1000;1000;1000;1000;1000;1000;1000;1000;1000;1500;1500;5000;5000;5000;5000;5000;5000;5000;5000;5000
1360807200,500,20;40;50;50;50;60;60;80;100;100;100;100;140;159;200;200;200;200;250;250;300;300;500;500;500;500;500;500;500;500;500;500;500;500;500;500;500;500;500;500;500;500;500;500;500;500;500;500;500;500;500;500;500;500;500;500;500;500;500;500;500;500;500;500;500;500;500;500;500;500;500;500;500;500;500;500;500;500;500;500;500;500;500;500;500;500;500;500;500;500;500;500;500;500;500;500;500;500;500;500;500;500;500;500;500;500;500;500;500;500;500;500;500;500;500;500;500;500;1000;1000;1000;1000;1000;1000;1000;1000;1000;1000;1000;1000;1000;1000;5000;5000;5000;5000;5000;10000;10000;10000
1360893600,500,20;25;25;30;50;50;80;80;100;100;100;100;100;150;150;159;200;200;200;200;200;200;200;300;500;500;500;500;500;500;500;500;500;500;500;500;500;500;500;500;500;500;500;500;500;500;500;500;500;500;500;500;500;500;500;500;500;500;500;500;500;500;500;500;500;500;500;500;500;500;500;500;500;500;500;500;500;500;500;500;500;500;500;500;500;500;500;500;500;500;500;500;500;500;500;500;500;500;500;500;500;500;500;1000;1000;1000;1000;1000;1000;1000;1000;1000;1000;1000;1000;1000;1000;5000;5000;5000;5000;5000;5000;10000;10000;10000;10000;10000
1360980000,500,30;50;100;125;150;150;200;200;200;300;350;500;500;500;500;500;500;500;500;500;500;500;500;500;500;500;500;500;500;500;500;500;500;500;500;500;500;500;500;500;500;500;500;500;500;500;500;500;500;500;500;500;500;500;500;500;500;500;500;500;500;500;500;500;500;500;500;500;500;500;1000;1000;1000;1000;1000;1000;1000;1000;1000;1000;1000;1000;1000;1000;1000;2000;5000;5000;5000;5000;5000;5000;5000;10000;10000;10000;10000;10000
1360980000,500,30;45;52;60;60;70;75;100;110;149;150;250;250;250;300;300;300;500;500;500;500;500;500;500;500;500;500;500;500;500;500;500;500;500;500;500;500;500;500;500;500;500;500;500;500;500;500;500;500;500;500;500;500;500;500;500;500;500;500;500;500;500;500;500;500;500;500;500;500;500;500;500;500;500;500;600;1000;1000;1000;1000;1000;1000;1000;1000;1000;1000;1000;1000;1000;1000;1000;1000;1000;1000;1000;1000;1000;1000;1500;2000;5000;5000;5000;5000
1361070000,500,20;30;45;50;50;75;100;100;100;101;150;250;300;400;400;500;500;500;500;500;500;500;500;500;500;500;500;500;500;500;500;500;500;500;500;500;500;500;500;500;500;500;500;500;500;500;500;500;500;500;500;500;500;500;500;500;500;500;500;500;500;500;500;500;500;500;500;500;500;500;500;500;500;500;500;500;600;1000;1000;1000;1000;1000;1000;1000;1000;1000;1000;1000;1000;1000;1000;1000;1000;1000;1000;1000;1000;2000;3520;5000;5000;5000;5000;10000;10000
1361156400,500,40;50;60;60;75;75;80;100;100;101;120;150;200;200;200;400;400;500;500;500;500;500;500;500;500;500;500;500;500;500;500;500;500;500;500;500;500;500;500;500;500;500;500;500;500;500;500;500;500;500;500;500;500;500;500;500;500;500;500;500;500;500;500;500;500;500;500;500;500;500;500;500;500;500;500;500;500;500;500;500;500;500;500;500;500;500;500;500;500;500;500;500;500;500;500;500;500;500;500;500;500;500;500;500;500;500;500;500;500;500;500;500;500;500;500;500;700;1000;1000;1000;1000;1000;1000;1000;1000;1000;1000;1000;1000;1000;1000;1000;1000;1000;1000;1000;1000;1000;1000;5000;5000;5000;5000;5000;5000;5000;5000;5000;10000;10000;10000;10000
1361242800,500,20;20;25;30;50;50;50;55;55;80;90;100;100;100;100;100;120;120;150;150;200;200;200;200;500;500;500;500;500;500;500;500;500;500;500;500;500;500;500;500;500;500;500;500;500;500;500;500;500;500;500;500;500;500;500;500;500;500;500;500;500;500;500;500;500;500;500;500;500;500;500;500;500;500;500;500;500;500;500;500;500;500;500;500;500;500;500;500;500;500;500;500;500;500;500;500;500;500;500;500;500;500;500;500;500;500;500;500;500;500;500;500;500;500;500;500;500;500;500;500;923;1000;1000;1000;1000;1000;1000;1000;1000;1000;1000;1000;1000;1500;5000;5000;5000;5000;5000;5000;5000;5000;5000;5000;10000;10000;10000;10000;10000;25000
1361329200,500,25;50;50;50;55;55;75;85;100;100;100;120;145;150;180;200;200;250;400;400;500;500;500;500;500;500;500;500;500;500;500;500;500;500;500;500;500;500;500;500;500;500;500;500;500;500;500;500;500;500;500;500;500;500;500;500;500;500;500;500;500;500;500;500;500;500;500;500;500;500;500;500;500;500;500;500;500;500;500;500;500;500;500;500;500;500;500;500;500;500;500;500;500;500;500;500;500;500;500;500;500;500;500;500;1000;1000;1000;1000;1000;1000;1000;1000;1000;1000;1000;1000;1000;1000;1000;1000;1000;5000;5000;5000;5000;5000;5000;5000;5000;5000;5000;5000;10000;10000;10000;10000;10000;10000;10000;25000
1361415600,500,20;20;50;50;65;80;100;100;100;100;100;100;150;200;250;300;500;500;500;500;500;500;500;500;500;500;500;500;500;500;500;500;500;500;500;500;500;500;500;500;500;500;500;500;500;500;500;500;500;500;500;500;500;500;500;500;500;500;500;500;500;500;500;500;500;500;500;500;500;500;500;500;500;500;500;500;500;500;500;500;500;500;500;500;500;500;500;500;500;500;500;500;500;500;500;1000;1000;1000;1000;1000;1000;1000;1000;1000;1000;1000;1000;1000;1000;1000;1000;1000;1000;1000;1000;1000;1000;1000;1000;1000;1000;1000;1000;1000;1000;1150;3000;5000;5000;5000;5000;5000;5000;5000;5000;5000;5000;5000;10000;10000;10000;10000;10000;10000;10000;10000;10000;100000
1361502000,500,20;24;30;40;65;75;90;100;100;100;100;100;100;200;200;200;500;500;500;500;500;500;500;500;500;500;500;500;500;500;500;500;500;500;500;500;500;500;500;500;500;500;500;500;500;500;500;500;500;500;500;500;500;500;500;500;500;500;500;500;500;500;500;500;500;500;500;500;500;500;500;500;500;500;500;500;500;500;500;500;500;500;500;1000;1000;1000;1000;1000;1000;1000;1000;1000;1000;1000;1000;1000;1000;1000;1000;1000;1000;1000;1000;1000;1000;1150;5000;5000;5000;5000;5000;5000;5000;5000;5000;5000;5000;7000;10000;10000;10000;10000;10000;10000;10000;10000;10000;10000;10000
1361588400,500,25;30;40;40;50;50;80;90;100;100;100;100;100;200;200;230;300;500;500;500;500;500;500;500;500;500;500;500;500;500;500;500;500;500;500;500;500;500;500;500;500;500;500;500;500;500;500;500;500;500;500;500;500;500;500;500;500;500;500;500;500;500;500;500;500;500;500;500;500;500;500;1000;1000;1000;1000;1000;1000;1000;1000;1000;1050;5000;5000;5000;5000;5000;5000;5000;5000;5000;10000;10000;10000;10000;10000;10000;10000;10000;10000;10000;10000;10000;80000
1361674800,500,20;25;30;30;40;40;50;55;55;60;80;100;100;120;300;350;500;500;500;500;500;500;500;500;500;500;500;500;500;500;500;500;500;500;500;500;500;500;500;500;500;500;500;500;500;500;500;500;500;500;500;500;500;500;500;500;500;500;500;500;500;500;500;500;500;500;500;500;500;500;500;500;500;500;500;500;500;700;1000;1000;1000;1000;1000;1000;1000;1000;1000;1000;1000;1000;1000;1000;5000;5000;5000;10000
1361761200,500,20;20;30;40;50;50;100;100;100;100;100;100;125;200;300;500;500;500;500;500;500;500;500;500;500;500;500;500;500;500;500;500;500;500;500;500;500;500;500;500;500;500;500;500;500;500;500;500;500;500;500;500;500;500;500;500;500;500;500;500;500;500;500;500;500;500;500;500;500;500;500;500;500;500;500;500;500;500;500;500;500;500;500;500;500;500;500;500;500;500;500;500;500;500;500;500;500;500;500;500;500;500;500;500;500;500;500;500;500;500;500;500;500;500;500;500;500;500;500;1000;1000;1000;1000;1000;1000;1000;1000;1000;1000;1000;5000;5000;5000;5000;5000;10000;10000;10000;10000;10000
1361847600,500,20;25;25;35;40;50;50;50;50;60;80;100;100;100;200;290;300;500;500;500;500;500;500;500;500;500;500;500;500;500;500;500;500;500;500;500;500;500;500;500;500;500;500;500;500;500;500;500;500;500;500;500;500;500;500;500;500;500;500;500;500;500;500;500;500;500;500;500;500;500;500;500;500;500;500;500;500;500;500;500;500;500;500;500;500;500;500;500;500;500;500;500;500;500;500;500;500;500;500;500;500;500;500;500;500;500;500;500;500;600;650;700;800;1000;1000;1000;1000;1000;1000;1000;1000;1000;1000;1000;1000;1000;1000;1000;1000;1000;1000;1000;1000;1000;1000;5000;5000;5000;5000;5000;5000;5000;5000;5000;5000;5000;10000;10000
1361934000,500,20;20;30;50;50;50;50;50;60;75;80;100;100;130;250;290;300;500;500;500;500;500;500;500;500;500;500;500;500;500;500;500;500;500;500;500;500;500;500;500;500;500;500;500;500;500;500;500;500;500;500;500;500;500;500;500;500;500;500;500;500;500;500;500;500;500;500;500;500;500;500;500;500;500;500;500;500;500;500;500;500;500;500;500;500;500;500;500;500;500;500;500;500;500;500;500;500;500;500;500;500;500;500;500;500;500;500;500;500;500;500;600;1000;1000;1000;1000;1000;1000;1000;1000;1000;1000;1000;1000;1000;1000;1000;1000;1000;1000;1000;1000;1000;1000;1000;1000;1000;1000;1000;1000;1000;1400;1500;5000;5000;5000;5000;5000;5000;5000;5000;5000;5000;5000;10000;10000;10000;10000;10000;10000;10000;10000;42000;100000
1362020400,500,20;20;25;30;30;50;50;50;50;75;100;200;350;500;500;500;500;500;500;500;500;500;500;500;500;500;500;500;500;500;500;500;500;500;500;500;500;500;500;500;500;500;500;500;500;500;500;500;500;500;500;500;500;500;500;500;500;500;500;500;500;500;500;500;500;500;500;500;500;500;500;500;500;500;500;500;500;500;500;500;500;500;500;500;500;500;500;500;500;500;500;500;500;500;500;650;1000;1000;1000;1000;1000;1000;1000;1000;1000;1000;1000;1000;1400;5000;5000;5000;5000;5000;5000;5000;5000;5000;10000;10000;10000;10000;10000;10000
